<?xml version="1.0" encoding="UTF-8" standalone="yes"?>
<addon id="plugin.video.torba" name="[B][COLOR yellow]Torba[/COLOR][/B]" version="1.1" provider-name="sClarke">
  <requires>
    <import addon="xbmc.python" version="2.1.0"/>
	<import addon="script.module.requests" />
  </requires>
  <extension point="xbmc.python.pluginsource" library="default.py">
        <provides>video</provides>
  </extension>
  <extension point="xbmc.addon.metadata">
    <summary lang="en">Torba.se</summary>
    <description lang="en">All content is found at torba.se, we do not host or own any of the content.</description>
	<disclaimer lang="en">Torba.se</disclaimer>
    <platform>all</platform>
  </extension>
</addon>
